rank,alpha,trainable_params,train_time_min,peak_vram_gb,eval_loss,eval_perplexity
8,16,1843200,4.192926653226217,7.216137728,1.5576941967010498,4.747860980375087
16,32,3686400,4.5686413486798605,6.617750016,1.5160831212997437,4.55435137131404
64,128,14745600,4.229533012708028,7.998511616,1.476814866065979,4.378975820309134
